{"cameraMode":{"drawMode":0,"name":"Shaded","section":"Shading Mode"},"sceneLighting":false,"audioPlay":false,"sceneViewState":{"showFog":false,"showMaterialUpdate":false,"showSkybox":false,"showFlares":false,"showImageEffects":false,"showParticleSystems":false},"in2DMode":false,"pivot":{"x":424.54730224609377,"y":63.79258728027344,"z":503.20245361328127},"rotation":{"x":0.1747320294380188,"y":-0.46687987446784975,"z":0.09423698484897614,"w":0.8620046973228455},"size":22.0,"orthographic":false}