{"cameraMode":{"drawMode":0,"name":"Shaded","section":"Shading Mode"},"sceneLighting":false,"audioPlay":false,"sceneViewState":{"showFog":false,"showMaterialUpdate":false,"showSkybox":false,"showFlares":false,"showImageEffects":false,"showParticleSystems":false},"in2DMode":false,"pivot":{"x":377.57977294921877,"y":31.3450870513916,"z":559.6837158203125},"rotation":{"x":-0.1773688942193985,"y":-0.6882676482200623,"z":0.17984533309936524,"w":-0.6803632378578186},"size":12.678910255432129,"orthographic":false}