{"cameraMode":{"drawMode":0,"name":"Shaded","section":"Shading Mode"},"sceneLighting":false,"audioPlay":false,"sceneViewState":{"showFog":false,"showMaterialUpdate":false,"showSkybox":false,"showFlares":false,"showImageEffects":false,"showParticleSystems":false},"in2DMode":false,"pivot":{"x":104.91044616699219,"y":63.45640563964844,"z":130.03204345703126},"rotation":{"x":0.22049598395824433,"y":0.4823359549045563,"z":-0.1262391060590744,"w":0.8387249112129211},"size":48.861793518066409,"orthographic":false}